{"loss": [0.26160189509391785, 0.23335681855678558, 0.22093750536441803, 0.21247591078281403, 0.19003309309482574, 0.19162538647651672, 0.18623755872249603, 0.18047672510147095, 0.1839432418346405, 0.15908226370811462, 0.17579302191734314, 0.1684514731168747, 0.15025201439857483, 0.15477286279201508, 0.17140629887580872, 0.15926991403102875, 0.14593066275119781, 0.14397582411766052, 0.15258866548538208, 0.147749662399292, 0.1720747947692871, 0.1575809121131897, 0.14254170656204224, 0.15788725018501282, 0.1554519087076187, 0.13422447443008423, 0.15182219445705414, 0.14551638066768646, 0.18613769114017487, 0.13745000958442688, 0.13657280802726746, 0.1449155956506729], "accuracy": [0.918310284614563, 0.9285929203033447, 0.9338244199752808, 0.9377931356430054, 0.9433854222297668, 0.9437763094902039, 0.9478352665901184, 0.9491581320762634, 0.9492182731628418, 0.9564040899276733, 0.9532471299171448, 0.9543896317481995, 0.9585989117622375, 0.9592603445053101, 0.95493084192276, 0.9599218368530273, 0.9612748026847839, 0.9644317626953125, 0.9609440565109253, 0.9643114805221558, 0.9582381248474121, 0.9628983736038208, 0.9651833772659302, 0.9634696245193481, 0.9631990194320679, 0.9678592681884766, 0.9637402296066284, 0.9664461612701416, 0.9577570557594299, 0.9683704376220703, 0.9694828391075134, 0.9671376943588257], "val_loss": [0.2789731025695801, 0.26833438873291016, 0.28180673718452454, 0.27643197774887085, 0.27893078327178955, 0.269458532333374, 0.3255133032798767, 0.41765034198760986, 0.2614172101020813, 0.30854886770248413, 0.32158252596855164, 0.2623114585876465, 0.26016852259635925, 0.33644208312034607, 0.28500497341156006, 0.26724347472190857, 0.2638600766658783, 0.3480244278907776, 0.3026054799556732, 0.6612033247947693, 0.4663047790527344, 0.3336127698421478, 0.32692471146583557, 0.3424428105354309, 0.3823389708995819, 0.3876906633377075, 0.32960695028305054, 0.42063191533088684, 0.31457090377807617, 0.43084588646888733, 0.3705209195613861, 0.44519010186195374], "val_accuracy": [0.9131585359573364, 0.9159249663352966, 0.9203752875328064, 0.9188116192817688, 0.9222997426986694, 0.9265094995498657, 0.9113543629646301, 0.8832090497016907, 0.9279528260231018, 0.9174885749816895, 0.9243444800376892, 0.9364926815032959, 0.9348087310791016, 0.9256675243377686, 0.9299976229667664, 0.9295164942741394, 0.9340870976448059, 0.9130382537841797, 0.9219388961791992, 0.8794804215431213, 0.898003339767456, 0.9345682263374329, 0.9266297817230225, 0.9236227869987488, 0.9189319014549255, 0.9214577674865723, 0.9321626424789429, 0.9176088571548462, 0.9224200248718262, 0.9208564162254333, 0.9313206672668457, 0.9135193824768066]}